PC1,PC2,PC3,PC4,PC5,label
-0.3152320928818228,-0.2977361711000439,0.39391561434360856,-0.06742005315563583,-0.014059262890430118,sport
-0.03222170023955377,-0.05838994580773722,-0.06370971025466711,0.03922003603022716,-0.05684641830744292,sport
-0.015280557707465526,-0.1080871467096303,-0.12126959150197779,0.10679062791679637,-0.03988461863665626,sport
-0.15858477554995384,0.13814081677837556,-0.029506077593724186,0.0743013623505053,-0.03555758779752344,sport
0.022254302660480525,-0.19727576812317962,-0.18868621885433237,0.2823838667574094,0.05367838876097923,sport
-0.05676363157127765,-0.27053593949350135,-0.22573027315768945,0.2993334174873534,0.06083516697574499,sport
-0.07633358540064626,0.14740156952542097,-0.021287711907211737,0.02977804828822084,-0.030481226761285667,sport
-0.06621296220738176,-0.22374490738797903,-0.15794923217224233,0.24278010072449865,0.07688818383269184,sport
-0.008789421490540263,-0.19936534615390514,-0.2646168436310515,0.29052979895128556,0.028128915769155514,sport
-0.017672989618470684,-0.007454758775212815,-0.09443084163008701,0.004583928881692513,-0.14479164589197624,sport
0.09661194792065028,-0.1656931787089334,-0.230751618752904,0.22321194552820325,0.3131522622293454,sport
-0.046807611463422286,-0.11000488763970524,-0.14588075242546,0.1469318509450732,0.10573312088653662,sport
0.010385364876470663,-0.1599025467912575,-0.20107800868779507,0.21545974329286116,0.03302074182133207,sport
0.03888309061181807,-0.21693102619899454,-0.23954789940021115,0.33653771965959384,0.08310210329515139,sport
0.045344146248806144,-0.20452271943406752,-0.28887764911518815,0.31468747102713435,0.15288589600083893,sport
-0.3078457719606727,0.43389524309033584,0.025688956357639008,0.17605414084979132,0.017068349361649058,sport
-0.05808957161648708,-0.08826406441226348,-0.016590078927050167,0.004613004643660902,-0.039641274042074584,sport
-0.08586568201354834,0.03671493166689562,-0.012123226934376351,0.004918388032476056,-0.030999433751047002,sport
-0.295520796356634,-0.3062259419712374,0.3479071668361163,-0.05354042374653083,-0.019821323814133807,sport
-0.01827904498172267,-0.06280447576540342,-0.0802475626270749,0.022026431779965307,-0.09878177610114229,sport
-0.011954670566790695,-0.017117795558634907,-0.07283854635949459,-0.004929091452375964,-0.12309888772789764,sport
0.02608359074984763,-0.20027238868074831,-0.28453531619261346,0.2807257441835598,0.013696077488325173,sport
-0.05119093856657059,-0.07137244707140139,-0.05340419804471136,0.03528563574550712,-0.024967156399965662,sport
-0.02559288366921812,-0.21260202755379073,-0.18250578322105637,0.28519420126666634,0.05855337367520782,sport
-0.008358984969533547,-0.013414174724124692,-0.11958955485669055,-0.022784587920718306,-0.2132070734930054,sport
-0.11101486112761061,-0.19691971303097694,-0.1068732741883555,0.1914286098146182,0.08319609598783188,sport
-0.07115842004227424,-0.22930313042228934,-0.1916296448082183,0.23444127795595945,0.10736782935772543,sport
-0.05165963871379366,-0.13053584646229074,-0.14685276222781055,0.20136488673806593,0.07540855409621691,sport
-0.17757781103550008,0.1771476548662946,0.017834128094021368,0.029967297087546446,0.02331490588335155,sport
-0.036538227662154116,-0.11225260880413515,-0.057295416947184215,0.029902147286160467,-0.07320495708889528,sport
-0.04285382620786686,-0.05542509205247201,-0.05628862266590998,0.02001433021655082,-0.07107582214885286,sport
-0.023729645124315565,-0.0614703051945174,-0.11903113803644273,0.033752240098125615,-0.11531597675076882,sport
-0.27720226875623005,-0.2915664999375134,0.36918818562735795,-0.08665493868216893,-0.00954358637957233,sport
-0.09387249121150631,0.045854825783533185,0.0036380748811607323,-0.01029091306639661,-0.002782225821041723,sport
-0.29945923620256487,0.4098149466004844,0.03208499736849895,0.1656581771613368,0.016068253533741073,sport
-0.1000351477291454,0.17203235110621143,-0.012625737148793855,0.024792687193967017,0.017308434213176148,sport
-0.19694204083709718,0.1988939198391139,0.034536752615604537,0.03708988764503705,0.03613395006714945,sport
-0.2651697649471725,-0.21761132238211847,0.2875731339681042,-0.0528767363867757,-0.014792958383329134,sport
-0.00453492245243072,-0.02215466681618932,-0.1194473337461298,-0.020007428973031736,-0.1764456059680371,sport
0.04987204670527431,0.030464595892633953,-0.021514918644601987,-0.06048537377130957,-0.09133930612210428,sport
-0.18011367062717318,0.16942136747766315,0.04224021551300224,0.012136608866822744,0.04040116548138725,sport
-0.13564920040057526,0.11255588242872082,0.008597316578541443,-0.006252985567145639,0.020522114063005907,sport
-0.09488544513946953,0.1643189268671408,-0.02552346859829091,0.04619911123049521,-0.019989892048186162,sport
-0.3902128814079307,0.516643001760933,0.08678300832666498,0.19507763186421015,0.055839352235653686,sport
-0.2152740597588617,0.3209307816229047,0.015419717503345103,0.12030426205683266,0.019379801344829226,sport
-0.15153384306186135,0.1358123325079228,0.025920830904178207,0.011985989209619073,0.011236558504035302,sport
-0.34247979494831554,-0.31919004661417366,0.3674655164855135,-0.03645176964300847,-0.009661095761610908,sport
-0.005150991305586612,-0.058044277195323755,-0.06635740558053328,0.005984055513365401,-0.10285979737492648,sport
0.03319264530689943,-0.09138250299585701,-0.15937352727930446,0.12003198061159132,-0.06324722850231557,sport
-0.06234383959047853,-0.18096306716872668,-0.17845033103237476,0.2541861550889712,0.07048213105928958,sport
-0.027675194931877204,-0.23420362648554524,-0.23768653480182433,0.3569214887144389,0.07530824190620841,sport
-0.17843337768093911,-0.2218119395187062,0.09832563402328133,0.07539800643959339,0.02410058493411246,sport
-0.19451637541797032,0.10214807327452856,0.05621277536020754,0.040843524244520556,0.022408049025541363,sport
-0.32326821155248087,-0.31632170454387387,0.3782778248564501,-0.0524071993009526,-0.01897279774651693,sport
-0.06529286379817356,-0.21833618390882367,-0.16830508414733522,0.2636027777189263,0.09583383118493251,sport
-0.032711676923416706,-0.04716128071119534,-0.03336479657899864,-0.030335554563727395,-0.06730329514717535,sport
-0.017602241438283307,-0.05000128526446371,-0.05629973281495595,-0.018966747965197768,-0.004968386133208949,sport
-0.15047802352651127,-0.10034741755905938,0.1480857519354498,-0.08720517286385457,0.05714009932718857,sport
-0.17906898383429817,0.2190635205604525,0.0009955010447285312,0.0869936037438772,0.008255808100560189,sport
-0.22969389637737098,-0.2053706923884541,0.20001335701065262,0.012768346365016189,0.027367950123494345,sport
-0.09352464170640018,-0.2313313683300583,-0.12816586051450526,0.22695549658009606,0.06735247096112451,sport
-0.015033281863676971,0.015285980874197382,-0.054663791378942124,-0.01859839747302113,-0.0486680238406935,sport
-0.33817124352041367,-0.335106180523151,0.4337686430770641,-0.08563009722065859,0.000615183957783575,sport
-0.007770082619310482,-0.03567010007460845,-0.10929183112544281,-0.01804770601143152,-0.1580736680811985,sport
-0.14675868693253283,-0.1090727830791771,0.14785220836908095,-0.08725082846321759,0.051402803662861485,sport
0.006379806182194185,-0.05229571820111066,-0.06680902630422318,0.001107975003944648,-0.10506645433072886,sport
-0.3215477315768391,0.4574323653201801,0.017155036215870893,0.1999520941033391,0.015241492313436019,sport
-0.27932592828602193,0.411805702247651,-0.003117697451076678,0.16453291239701592,-0.007999542205638937,sport
-0.13763624441509215,-0.07594239844104815,0.1304741914794081,-0.06955471527412335,0.044238198986708915,sport
0.04866498381918273,-0.1394699741908879,-0.19769716085619787,0.1894740220671119,-0.03857655185537531,sport
-0.08527978728329991,-0.014382566822199997,0.0363038255965882,-0.023966317350974153,-0.005622421094770507,sport
-0.14024849369280315,-0.15209542165165002,0.11401703999635739,-0.0234022795214398,0.01990348327009568,sport
0.020560283876653828,-0.06887988863204088,-0.14621378359701584,0.07325286915817772,-0.20183476785314075,sport
-0.3490500706036894,-0.34737162352496803,0.44473088522243515,-0.07085511698946222,-0.0074901037977085,sport
0.027261940599964576,-0.07282296110088052,-0.16379363853030296,0.08434691450690505,-0.10596664406541904,sport
-0.07534102140094667,0.1841660535290119,-0.03494029858264345,0.05341937049678505,-0.007648062960970331,sport
-0.3571502058319248,0.4679152578350222,0.0552665635040846,0.18930110802792902,0.05415913800758085,sport
-0.15273575111519097,-0.11509853070229213,0.15170019028478854,-0.08879646304029373,0.05086187951044032,sport
-0.14825072321609384,0.2318382817953979,0.015068612075707111,0.05945962149521442,0.013701662956472897,sport
-0.06542989724318955,-0.1869805784502351,-0.14326278372087164,0.1794996704659578,0.04398068996956604,sport
0.014170656797697972,-0.07392328699806681,-0.09528078085850206,0.06196782752821545,-0.16199067452227842,sport
0.026763549437898968,-0.04536505483314382,-0.08087876022789886,0.006244800466091442,-0.15348551672215519,sport
-0.009096159679699291,-0.032629860919032055,-0.0830030769572091,-0.042417428397891845,-0.103909323480266,sport
-0.3350107336586358,-0.31232743452822154,0.41483008824330425,-0.08172281510311774,-0.0037860522316912936,sport
-0.2204129358505062,0.2176309548180766,0.008324392884568472,0.08906912489286667,-0.0034584253457563036,sport
-0.2634621797127634,0.35554024197451545,0.03653724022074665,0.11527680483482294,0.031288968669796975,sport
-0.1937983749310487,0.2105485676638124,0.030132063512121936,0.05010558856882146,0.02575756897166965,sport
-0.335730871805125,0.5085790400786193,0.048400702427457955,0.19554242250928594,0.05285902584304839,sport
-0.17589434316233993,-0.10406306790016241,0.16467070524373903,-0.07623701309299039,0.052826180391015165,sport
-0.13280466604199684,0.18452353996328205,-0.014546806566539986,0.059111794326820975,0.004465051961271111,sport
0.028383170942823888,-0.056828067624415564,-0.09885434970220212,0.031619687112150595,-0.04265986422530911,sport
-0.036472150177317426,0.005470222069334314,0.00149586398087567,-0.059264162944103325,-0.00801820952308916,sport
-0.06415960270837268,-0.015076178691995788,0.04010492027781197,-0.0454413251418344,-0.006257662053241057,sport
-0.1492011831869531,-0.16328728590908229,0.1064697347394769,-0.014932124134737322,0.018285289153015496,sport
-0.1524189431740455,-0.023239217077108725,-0.014230442757955387,0.07713549722910064,-0.02291418295263783,sport
-0.3481472568512929,0.5072752841836701,0.03961297593557379,0.2038183095834819,0.040478743047476624,sport
-0.027566959456365225,-0.04011263931623852,-0.07702197442493523,-0.0035423385783809975,-0.10008782395490172,sport
-0.3233185061644323,-0.3319988287331896,0.3987707444023446,-0.05893407117395674,-0.003953979997300238,sport
-0.183653042133206,0.13145202876296644,0.040061081986402965,0.01824364231679991,0.009453852869799556,sport
-0.0955862567722316,-0.11668533933933649,-0.03466527850954797,0.05361859276177219,-0.03504016824852094,sport
0.048037120896625464,0.008036984241932782,-0.06406361108895538,-0.08751183185433939,0.07917244897584905,finance
0.07327071957424039,0.00016534513341707192,-0.10349285770893443,-0.16124645801828505,0.35313250525636375,finance
0.014052964408773662,-0.009798504997301278,-0.0011829109150759349,-0.15534725415732667,0.17852367391831236,finance
0.07854801848958824,0.010273023540346093,-0.02234987947440606,-0.08273551981143926,-0.11360741285973223,finance
0.04288900804183817,0.03847560610855582,-0.07567970218723993,-0.30407461470868136,0.5536108257579236,finance
0.1239761470921538,0.00918025437446653,-0.035115344569805945,-0.07309751532377697,-0.2856235905810872,finance
0.10174519470715675,0.03076594762799448,-0.07318627707888008,-0.23806401368988594,0.3527835595562513,finance
0.0641013224599659,0.010814402887473836,-0.04376317913969104,-0.10515467601955655,-0.07956878951274186,finance
-0.0006580288207504397,0.0201867954205349,-0.028099898249559767,-0.13596074493732235,0.07708376520535183,finance
0.0025634961537120745,0.010214836934645888,-0.02849345853163811,-0.07058516116813363,-0.05827381809764342,finance
0.16000295604731982,0.033411190627522035,0.05102991937273261,-0.06651384316919548,0.01111439220962556,finance
0.13103997154173455,0.017138061010400364,-0.006135288177886984,-0.032637512557964085,-0.2870377357211929,finance
0.08277369919613471,0.030475609163433264,-0.04043756095450858,-0.2062832593751228,0.08022771628079901,finance
0.5068036945014592,0.0770120187482107,0.4537916570387021,0.3686767415465485,0.054339889361595096,finance
0.029437347449689944,-0.0007668847779185565,-0.054918725139998334,-0.04574740851956254,-0.10672348229995775,finance
0.06102328416918817,0.004440086019121776,-0.0401494622176395,-0.04615424961013154,-0.04024159205249085,finance
0.08290595944710294,0.018997809951557344,-0.022640619241451335,-0.09458112055552363,0.022662994452792025,finance
0.014958838080121899,0.023326975416704806,-0.046999889090431776,-0.060386701257046815,-0.05713637701036161,finance
0.04177883743859901,0.028332042407507065,-0.05056102972162478,-0.1035564512685465,-0.054600995098123474,finance
0.07281906705752549,-0.027934292710310837,-0.04697505737409672,0.08310313877184121,0.02788105562268988,finance
0.38208091534608785,0.055230398380788144,0.29750150638336714,0.26256449503601703,0.030664150788174048,finance
0.11946615111788329,0.018440499239354625,-0.02093014172569701,-0.0777463619888171,-0.14222856014182086,finance
0.1659630428744524,0.047707290015382084,0.021134562415339477,-0.11241527116716331,0.10284083934651826,finance
0.0719046009138678,0.018607047887087,-0.02304610764988233,-0.11431232449076192,-0.05681749509497446,finance
0.1389009671675966,0.02886815558280934,0.028943619423172754,-0.030977577647716147,-0.021426221177232054,finance
0.1524910564909973,0.026532070451606788,-0.04106717749079042,-0.10348145387984707,-0.1059660262563854,finance
-0.03068827351245488,-0.03271769745646743,-0.008157822253143737,-0.054377479629016734,0.002112486533008356,finance
0.48201073846482356,0.07557464595409755,0.3903819399312238,0.2897208378722866,0.027274879231752158,finance
0.5172453947691885,0.1014029687939734,0.3725504875361063,0.20801668795849054,0.10186413864695835,finance
0.1206992956643325,0.02985707752714637,-0.053678248895858975,-0.11661514294564698,-0.21638064894926465,finance
0.525022238801445,0.09533272607440735,0.4475196039749559,0.3179276439744984,0.07233253261695863,finance
0.3944368982173157,0.04339442562348206,0.298138918430501,0.2373855109019882,-0.017388385881801898,finance
0.48579294174718174,0.08641198904839796,0.4225609327006154,0.3395555881858909,0.047319996633574224,finance
0.2031173175000922,0.03390762003259322,0.04947032336103393,-0.04589063460421273,-0.10419537371485674,finance
0.056166748683835636,0.032854825639974335,-0.024099787616275094,-0.13676782994015912,-0.05548704504579733,finance
0.48409849522943765,0.09860724728781896,0.3719225404562215,0.22942764763334483,0.13030175534739682,finance
0.11496050721090131,0.028109985637952847,-0.07374608347854839,-0.17645107245464364,-0.2828285614850626,finance
0.12203813599244008,-0.169584139298383,-0.2127075190420158,0.2723124312086842,0.21065944070887888,finance
0.06073065688142248,0.013311184055986185,-0.05369380235053318,-0.09414528162241564,0.0900233024147006,finance
0.16495567929751695,0.035661587707208606,-0.020433507376646787,-0.13581887786337424,0.058813415744242856,finance
0.09645560483186051,0.017361774997099177,-0.01750101199578089,-0.10787931734449385,0.03248754556652566,finance
0.01816865036046129,0.015153975939763666,-0.03908705770179676,-0.069789380586785,-0.10465195379304151,finance
0.09260974201934785,0.03421009272224331,-0.06611105005307864,-0.15875321656552674,0.0960051781807281,finance
0.13110502965055346,0.011228809302985455,-0.015207979693573986,-0.03373464826799789,-0.28011495703195055,finance
0.10019885866123188,0.01615283010348999,-0.01042143434207363,-0.12351035217059413,0.04193225963155344,finance
0.10876976821275847,0.04771727818961981,-0.023522518271815302,-0.12679201180085578,-0.056134035861728375,finance
0.0971381494655356,0.02586866051135349,0.046577061417770474,-0.013562176180133853,-0.06377653367743191,finance
0.11735586919798452,0.015184657797182291,-0.015607180756684961,-0.04008707352063844,0.009536600495680251,finance
0.053229744351846436,0.01071772537851229,-0.017213387673013822,-0.06028237295671799,0.017596707368136812,finance
0.07637749101242895,0.021815500424822037,-0.041768312317125425,-0.1741359370568539,0.09865156218593113,finance
0.035275994589125205,0.01397207291180378,-0.051498967200882116,-0.09370129767371452,-0.10468826350628943,finance
0.09583221667380368,0.029367159632794557,-0.04096502712915853,-0.1559589375973549,-0.015846905353215972,finance
0.08457525139580213,0.03138768933448651,-0.04003033329614168,-0.20997505299991842,0.07756298290841036,finance
0.03676491790346176,0.025791989037586217,-0.042841625145274904,-0.11462141968383331,0.04400445898614076,finance
0.09861203175614225,0.020011741871294224,-0.0433650780596087,-0.19937790315320217,0.046376683582731594,finance
0.043066417899374126,0.017343418199549536,-0.033280426977136734,-0.10490161801507289,-0.020655807045028427,finance
0.03594807042688273,0.006252801739025269,-0.056426411200253795,-0.07744160689908125,-0.08049000983557854,finance
0.06212514094628563,0.016048075476478876,-0.026294115636518556,-0.05956634742883589,-0.11060119271123954,finance
0.0538949282319384,0.016588918063180455,-0.020164571700114653,-0.10408066647010206,-0.055446013020666915,finance
0.03838788836851013,0.003500288700202918,-0.042747550162750184,-0.12782190087237752,0.025194634796624593,finance
0.036381568249888176,0.0385179087267795,-0.023282073420897074,-0.1236217817603933,0.04112175725760791,finance
0.03394846795713826,0.015469720292376341,-0.024372613751395728,-0.11844248203169512,0.022843437953901067,finance
0.02354034351020564,0.010456956280346628,-0.026373218578255843,-0.08847911362636254,-0.02630448009496422,finance
0.1176713815129856,0.004005018801920942,-0.05299407279273211,-0.07427392814031532,-0.13675782239535333,finance
0.05822441405836382,0.019332439723743496,-0.05010038894870053,-0.06986156826734864,0.033816450585000254,finance
0.060758402170299354,0.0132492115514321,-0.04155133901882287,-0.09677366393494324,-0.04148494550537201,finance
0.07551254273678647,-0.0015423103473414961,-0.1031709158296622,-0.16060600808688436,0.35104186097139783,finance
0.06114519868271594,0.014582096249578895,-0.050834410833634505,-0.07225504005270561,-0.08573841389741277,finance
0.03905782891396254,-0.0035839268326715076,0.010986191836110274,-0.16566310828796232,0.20827241111805303,finance
0.03903597797797644,0.041137196704057764,-0.059149302316320186,-0.2711632970887346,0.5161249298945345,finance
0.04729489857024081,0.00111274885886628,-0.037040336753971885,-0.08792260696207567,-0.09602561846618211,finance
0.036752211023342064,0.016769614391151513,-0.03715407180601647,-0.1434801429356991,0.11534672535352333,finance
0.12111508313581916,0.030273954673800344,-0.09027562694418782,-0.2764118728469652,0.39419673966755026,finance
0.01304855035316909,0.009000950349965538,-0.027326716235480025,-0.05118240621237705,-0.038506447168947244,finance
0.040881909223486154,0.010136563044198368,0.001467563875873079,-0.09218131557718129,-0.0029009264355362293,finance
0.08183215521698975,0.021305016234971882,-0.028059510648832754,-0.07479872688186796,-0.10396588074064346,finance
0.10531508610013464,0.02163933991653315,0.015542628749318697,-0.01103732503662696,-0.08191915136268199,finance
0.05227977825085407,0.02652844325899554,-0.028462529084461688,-0.12839526467811904,-0.043513589578517364,finance
0.06147536598419275,0.019716662494716968,-0.06940227804339248,-0.11974943727164805,-0.007435564907614307,finance
0.13846961009825856,0.03422839847771303,0.01723542234521591,-0.02855975521682885,-0.06002594026958175,finance
0.2049142567917086,0.05921286788582795,0.04447413572126194,-0.11196907521638087,0.029326688888010807,finance
0.05002743259519533,0.01974557153311023,-0.045217096090079095,-0.10739829411488061,-0.0785678556250393,finance
0.029131244029922038,0.015850750686075596,-0.05137475371040674,-0.08964233981563262,-0.1005487156166861,finance
0.06434661007454835,0.01691305178870422,-0.041878609467787827,-0.05792666621859889,-0.1001448564233914,finance
0.027610200832491008,0.03051300802786807,-0.03704614143129264,-0.091194437696934,-0.10005999010306034,finance
0.03268336732085725,0.011156561535647272,-0.04745066801308445,-0.09057783957905235,-0.09198871091865031,finance
0.23943415929361428,0.05906523230368938,0.040391794957052994,-0.11199321739006979,0.02740625717958724,finance
0.18730488584488553,0.044695839723249475,0.042290005154878005,-0.0834527760105106,-0.06791706837402318,finance
0.15134260704445418,0.034455813777950456,0.010154897865051868,-0.04868404710697646,-0.07610775687820082,finance
0.026030470845604486,-0.011526860532238063,-0.05386722564611289,-0.07983843622128425,-0.07958451536198677,finance
0.20149265826165,0.06339620841696457,0.043650370523846134,-0.10740735184654425,-0.028929695320284516,finance
0.07987553034853478,0.02091752454113661,-0.06911639911885978,-0.15335009105609512,-0.3009371563233927,finance
0.519536070778026,0.07905683621744773,0.41945642217323326,0.32660142848310647,0.029549996374302567,finance
0.07217414939512001,0.011923029194943313,-0.06311634745676256,-0.13309402843268123,-0.2160571426206409,finance
0.058397919261851367,0.028890663338693362,-0.05694662372200216,-0.15107097615216405,0.08452582755540393,finance
0.05989925219242908,0.013723030494278553,-0.045436345401793934,-0.10825789636507512,-0.014185862104244832,finance
0.09955609271673464,0.0204941452954398,-0.0296717819661099,-0.11098935340939518,0.0177621698615746,finance
0.24015088107305654,0.06871594707927114,0.03636464242125464,-0.09739586161048841,0.004503795310991302,finance
0.03491350294233783,0.02831892447108579,-0.08379675754710786,-0.2894221840026624,0.5163555207921658,finance
0.08799001852433473,0.02964213607019168,-0.017148407181925222,-0.12220406962120145,-0.02327629246231532,finance
